question,answer,theme
What free agents do you have for onboarding?,Yes! Here's what we offer. Want to tell me about your workflow so I can match the best fit?,Free Agents
Can I use your agents without logging in?,Yes! Here's what we offer. Want to tell me about your workflow so I can match the best fit?,Free Agents
Do these agents work in Slack or Teams?,Yes! Here's what we offer. Want to tell me about your workflow so I can match the best fit?,Free Agents
What's the best agent for CS renewals?,Yes! Here's what we offer. Want to tell me about your workflow so I can match the best fit?,Free Agents
Can I customize your free agents?,Yes! Here's what we offer. Want to tell me about your workflow so I can match the best fit?,Free Agents
Do you have a weekly top agent list?,Yes! Here's what we offer. Want to tell me about your workflow so I can match the best fit?,Free Agents
How do I implement an agent in my CRM?,Yes! Here's what we offer. Want to tell me about your workflow so I can match the best fit?,Free Agents
Is there an agent for customer QBR prep?,Yes! Here's what we offer. Want to tell me about your workflow so I can match the best fit?,Free Agents
Which agent can summarize NPS responses?,Yes! Here's what we offer. Want to tell me about your workflow so I can match the best fit?,Free Agents
Do your agents handle multilingual inputs?,Yes! Here's what we offer. Want to tell me about your workflow so I can match the best fit?,Free Agents
What is agentic AI?,Great question. I have an article for that. Want tips based on your CS goals?,Learning / Resources
Where do I start with agentic AI?,Great question. I have an article for that. Want tips based on your CS goals?,Learning / Resources
Do you have case studies for SaaS companies?,Great question. I have an article for that. Want tips based on your CS goals?,Learning / Resources
Can I get a newsletter on agentic AI?,Great question. I have an article for that. Want tips based on your CS goals?,Learning / Resources
What tools do I need to use these agents?,Great question. I have an article for that. Want tips based on your CS goals?,Learning / Resources
Do you explain prompt engineering basics?,Great question. I have an article for that. Want tips based on your CS goals?,Learning / Resources
What's the ROI of using agentic AI in CS?,Great question. I have an article for that. Want tips based on your CS goals?,Learning / Resources
How do I pitch agentic AI to my boss?,Great question. I have an article for that. Want tips based on your CS goals?,Learning / Resources
Are there videos or just blog posts?,Great question. I have an article for that. Want tips based on your CS goals?,Learning / Resources
What are the top use cases right now?,Great question. I have an article for that. Want tips based on your CS goals?,Learning / Resources
Can you build me a custom agent?,"Absolutely, we do that. Want to tell me what toolstack you use?",Custom Agents
Do you offer API integrations?,"Absolutely, we do that. Want to tell me what toolstack you use?",Custom Agents
How much does a build cost?,"Absolutely, we do that. Want to tell me what toolstack you use?",Custom Agents
What's the timeline for a custom agent?,"Absolutely, we do that. Want to tell me what toolstack you use?",Custom Agents
Can you integrate with Salesforce?,"Absolutely, we do that. Want to tell me what toolstack you use?",Custom Agents
Do I need technical skills to maintain it?,"Absolutely, we do that. Want to tell me what toolstack you use?",Custom Agents
Can you rebuild one of your free agents for me?,"Absolutely, we do that. Want to tell me what toolstack you use?",Custom Agents
Do you do workshops or team training?,"Absolutely, we do that. Want to tell me what toolstack you use?",Custom Agents
Can we collaborate on the agent design?,"Absolutely, we do that. Want to tell me what toolstack you use?",Custom Agents
Can I license one of your agents for my tool?,"Absolutely, we do that. Want to tell me what toolstack you use?",Custom Agents
How can AI help reduce churn?,Love this topic. Want to share your role or team size so I can tailor my answer?,General CS + AI
What are your favorite CS metrics?,Love this topic. Want to share your role or team size so I can tailor my answer?,General CS + AI
Can AI help with expansion revenue?,Love this topic. Want to share your role or team size so I can tailor my answer?,General CS + AI
Do you use AI for internal team ops?,Love this topic. Want to share your role or team size so I can tailor my answer?,General CS + AI
What are AI best practices in CS?,Love this topic. Want to share your role or team size so I can tailor my answer?,General CS + AI
What mistakes do CS teams make with AI?,Love this topic. Want to share your role or team size so I can tailor my answer?,General CS + AI
Do you think AI will replace CS jobs?,Love this topic. Want to share your role or team size so I can tailor my answer?,General CS + AI
How can I build a CS AI roadmap?,Love this topic. Want to share your role or team size so I can tailor my answer?,General CS + AI
Is AI safe for sensitive customer data?,Love this topic. Want to share your role or team size so I can tailor my answer?,General CS + AI
What trends are you watching in AI and CS?,Love this topic. Want to share your role or team size so I can tailor my answer?,General CS + AI
Do you explain prompt engineering basics (but for a different industry)?,Great question. I have an article for that. Want tips based on your CS goals?,Learning / Resources
Can I use your agents without logging in (but for a different industry)?,Yes! Here's what we offer. Want to tell me about your workflow so I can match the best fit?,Free Agents
What's the ROI of using agentic AI in CS (but for a different industry)?,Great question. I have an article for that. Want tips based on your CS goals?,Learning / Resources
Do I need technical skills to maintain it (but for a different industry)?,"Absolutely, we do that. Want to tell me what toolstack you use?",Custom Agents
What is agentic AI (but for a different industry)?,Great question. I have an article for that. Want tips based on your CS goals?,Learning / Resources
Do you think AI will replace CS jobs (but for a different industry)?,Love this topic. Want to share your role or team size so I can tailor my answer?,General CS + AI
Can you rebuild one of your free agents for me (but for a different industry)?,"Absolutely, we do that. Want to tell me what toolstack you use?",Custom Agents
Do you do workshops or team training (but for a different industry)?,"Absolutely, we do that. Want to tell me what toolstack you use?",Custom Agents
Do these agents work in Slack or Teams (but for a different industry)?,Yes! Here's what we offer. Want to tell me about your workflow so I can match the best fit?,Free Agents
Can you build me a custom agent (but for a different industry)?,"Absolutely, we do that. Want to tell me what toolstack you use?",Custom Agents
Do you explain prompt engineering basics (but for a different industry)?,Great question. I have an article for that. Want tips based on your CS goals?,Learning / Resources
How can AI help reduce churn (but for a different industry)?,Love this topic. Want to share your role or team size so I can tailor my answer?,General CS + AI
How can AI help reduce churn (but for a different industry)?,Love this topic. Want to share your role or team size so I can tailor my answer?,General CS + AI
Can I get a newsletter on agentic AI (but for a different industry)?,Great question. I have an article for that. Want tips based on your CS goals?,Learning / Resources
Do your agents handle multilingual inputs (but for a different industry)?,Yes! Here's what we offer. Want to tell me about your workflow so I can match the best fit?,Free Agents
Which agent can summarize NPS responses (but for a different industry)?,Yes! Here's what we offer. Want to tell me about your workflow so I can match the best fit?,Free Agents
Do you think AI will replace CS jobs (but for a different industry)?,Love this topic. Want to share your role or team size so I can tailor my answer?,General CS + AI
Is AI safe for sensitive customer data (but for a different industry)?,Love this topic. Want to share your role or team size so I can tailor my answer?,General CS + AI
What are the top use cases right now (but for a different industry)?,Great question. I have an article for that. Want tips based on your CS goals?,Learning / Resources
Do I need technical skills to maintain it (but for a different industry)?,"Absolutely, we do that. Want to tell me what toolstack you use?",Custom Agents
Do you offer API integrations (but for a different industry)?,"Absolutely, we do that. Want to tell me what toolstack you use?",Custom Agents
Do your agents handle multilingual inputs (but for a different industry)?,Yes! Here's what we offer. Want to tell me about your workflow so I can match the best fit?,Free Agents
How can AI help reduce churn (but for a different industry)?,Love this topic. Want to share your role or team size so I can tailor my answer?,General CS + AI
Do you have case studies for SaaS companies (but for a different industry)?,Great question. I have an article for that. Want tips based on your CS goals?,Learning / Resources
What trends are you watching in AI and CS (but for a different industry)?,Love this topic. Want to share your role or team size so I can tailor my answer?,General CS + AI
What's the ROI of using agentic AI in CS (but for a different industry)?,Great question. I have an article for that. Want tips based on your CS goals?,Learning / Resources
Do you think AI will replace CS jobs (but for a different industry)?,Love this topic. Want to share your role or team size so I can tailor my answer?,General CS + AI
Do you explain prompt engineering basics (but for a different industry)?,Great question. I have an article for that. Want tips based on your CS goals?,Learning / Resources
Do you do workshops or team training (but for a different industry)?,"Absolutely, we do that. Want to tell me what toolstack you use?",Custom Agents
What's the ROI of using agentic AI in CS (but for a different industry)?,Great question. I have an article for that. Want tips based on your CS goals?,Learning / Resources
Is there an agent for customer QBR prep (but for a different industry)?,Yes! Here's what we offer. Want to tell me about your workflow so I can match the best fit?,Free Agents
How can I build a CS AI roadmap (but for a different industry)?,Love this topic. Want to share your role or team size so I can tailor my answer?,General CS + AI
What are AI best practices in CS (but for a different industry)?,Love this topic. Want to share your role or team size so I can tailor my answer?,General CS + AI
Do you use AI for internal team ops (but for a different industry)?,Love this topic. Want to share your role or team size so I can tailor my answer?,General CS + AI
How can I build a CS AI roadmap (but for a different industry)?,Love this topic. Want to share your role or team size so I can tailor my answer?,General CS + AI
Do you do workshops or team training (but for a different industry)?,"Absolutely, we do that. Want to tell me what toolstack you use?",Custom Agents
Can you rebuild one of your free agents for me (but for a different industry)?,"Absolutely, we do that. Want to tell me what toolstack you use?",Custom Agents
How do I implement an agent in my CRM (but for a different industry)?,Yes! Here's what we offer. Want to tell me about your workflow so I can match the best fit?,Free Agents
Can AI help with expansion revenue (but for a different industry)?,Love this topic. Want to share your role or team size so I can tailor my answer?,General CS + AI
Can AI help with expansion revenue (but for a different industry)?,Love this topic. Want to share your role or team size so I can tailor my answer?,General CS + AI
What are your favorite CS metrics (but for a different industry)?,Love this topic. Want to share your role or team size so I can tailor my answer?,General CS + AI
What trends are you watching in AI and CS (but for a different industry)?,Love this topic. Want to share your role or team size so I can tailor my answer?,General CS + AI
Is there an agent for customer QBR prep (but for a different industry)?,Yes! Here's what we offer. Want to tell me about your workflow so I can match the best fit?,Free Agents
Do you have case studies for SaaS companies (but for a different industry)?,Great question. I have an article for that. Want tips based on your CS goals?,Learning / Resources
What free agents do you have for onboarding (but for a different industry)?,Yes! Here's what we offer. Want to tell me about your workflow so I can match the best fit?,Free Agents
How do I pitch agentic AI to my boss (but for a different industry)?,Great question. I have an article for that. Want tips based on your CS goals?,Learning / Resources
What's the ROI of using agentic AI in CS (but for a different industry)?,Great question. I have an article for that. Want tips based on your CS goals?,Learning / Resources
Can you integrate with Salesforce (but for a different industry)?,"Absolutely, we do that. Want to tell me what toolstack you use?",Custom Agents
Which agent can summarize NPS responses (but for a different industry)?,Yes! Here's what we offer. Want to tell me about your workflow so I can match the best fit?,Free Agents
What's the timeline for a custom agent (but for a different industry)?,"Absolutely, we do that. Want to tell me what toolstack you use?",Custom Agents
Can I use your agents without logging in (but for a different industry)?,Yes! Here's what we offer. Want to tell me about your workflow so I can match the best fit?,Free Agents
What tools do I need to use these agents (but for a different industry)?,Great question. I have an article for that. Want tips based on your CS goals?,Learning / Resources
Is there an agent for customer QBR prep (but for a different industry)?,Yes! Here's what we offer. Want to tell me about your workflow so I can match the best fit?,Free Agents
Which agent can summarize NPS responses (but for a different industry)?,Yes! Here's what we offer. Want to tell me about your workflow so I can match the best fit?,Free Agents
Can AI help with expansion revenue (but for a different industry)?,Love this topic. Want to share your role or team size so I can tailor my answer?,General CS + AI
Do you have case studies for SaaS companies (but for a different industry)?,Great question. I have an article for that. Want tips based on your CS goals?,Learning / Resources
Do your agents handle multilingual inputs (but for a different industry)?,Yes! Here's what we offer. Want to tell me about your workflow so I can match the best fit?,Free Agents
Can AI help with expansion revenue (but for a different industry)?,Love this topic. Want to share your role or team size so I can tailor my answer?,General CS + AI
Can you integrate with Salesforce (but for a different industry)?,"Absolutely, we do that. Want to tell me what toolstack you use?",Custom Agents
How can AI help reduce churn (but for a different industry)?,Love this topic. Want to share your role or team size so I can tailor my answer?,General CS + AI
