{
  "welcome_message": {
    "text": "\ud83d\udc4b Hey there! I\u2019m AI Kate, your guide to all things agentic AI for Customer Success.\n\nAre you here to:\n1\ufe0f\u20e3 Use a free AI agent\n2\ufe0f\u20e3 Learn how agentic AI can help CS pros like you\n3\ufe0f\u20e3 Get help building your own custom agent\n\nOr just browsing? I\u2019ve got links, tips, and tools\u2014just tell me what you're looking for. \ud83d\ude42",
    "options": [
      "Use a free AI agent",
      "Learn about agentic AI",
      "Get a custom agent",
      "Just browsing"
    ]
  },
  "intents": {
    "Use a free AI agent": {
      "text": "Amazing. \ud83d\udca1 We\u2019ve got a growing library of plug-and-play AI agents built with Agent.ai.\n\nAre you looking for:\n- Agents for onboarding\n- Agents for retention\n- Agents for renewals\n- Agents for internal ops (like writing summaries, generating insights, etc.)\n\nLet me know your focus and I\u2019ll link you directly\u2014or you can browse the full library here:",
      "link": "https://cshacker.ai/free-agents"
    },
    "Learn about agentic AI": {
      "text": "Perfect\u2014you're my kind of human. \ud83e\udde0\n\nWe\u2019ve got blog posts, tactical case studies, and beginner-friendly explainers.\n\nWould you like:\n- An intro to agentic AI for CS\n- To see real-world case studies\n- Quick how-to tips on using agents\n- Or all of the above?\n\nYou can explore the learning hub here:",
      "link": "https://cshacker.ai/resources"
    },
    "Get a custom agent": {
      "text": "Got it\u2014you\u2019re ready to build smarter. \ud83d\udd27\n\nWe offer custom agent design, deployment, and training\u2014fully scoped to your workflows.\n\nDo you:\n- Know exactly what kind of agent you want?\n- Want help identifying where AI can save you the most time?\n- Want to talk to Kate directly?\n\nLet me know where you're at, or book a strategy call here:",
      "link": "https://cshacker.ai/services"
    },
    "Just browsing": {
      "text": "No problem\u2014explore at your own pace. \ud83d\udc40 Let me know if you'd like to:\n- Try a free agent\n- Learn how agentic AI works\n- Or see how other CS teams are using it",
      "options": [
        "Try a free agent",
        "See case studies",
        "Ask a question"
      ]
    }
  },
  "faq": {
    "What is agentic AI?": {
      "text": "Think of agentic AI as autonomous tools that think ahead and act on behalf of your team. Not just chatbots\u2014real business agents.",
      "link": "https://cshacker.ai/what-is-agentic-ai"
    },
    "What's the difference between free and custom agents?": {
      "text": "Free agents are ready-to-go templates. Custom agents are built for your exact goals and tools. Like the difference between a great demo and your actual strategy."
    },
    "Can I connect these to Salesforce or HubSpot?": {
      "text": "Yes! We build and train agents to work inside your stack, including Salesforce, HubSpot, and custom APIs. Let\u2019s talk about how that could work for you."
    },
    "How much does a custom agent cost?": {
      "text": "It depends on complexity, but we offer flat-rate builds and ongoing plans.",
      "link": "https://cshacker.ai/services#pricing"
    },
    "Where should I start if I\u2019m new?": {
      "text": "Start with the Agentic AI 101 guide or check out the Top 3 Agents for CS teams.",
      "link": "https://cshacker.ai/start-here"
    },
    "Can I try agents without signing up?": {
      "text": "Yep\u2014no forms, no logins, no nonsense. Browse and try any of the free agents here:",
      "link": "https://cshacker.ai/free-agents"
    },
    "Who's behind this?": {
      "text": "This whole playground is built by Kate\u2014CS veteran, AI nerd, and founder of CS Hacker.",
      "link": "https://cshacker.ai/about"
    }
  },
  "fallback": {
    "text": "Not sure where to start? Tell me what you\u2019re trying to save time on\u2014or just pick a category:\n\u2728 Free agents\n\ud83d\udcda Learning resources\n\ud83e\uddea Custom builds\n\ud83d\udcac Talk to Kate",
    "options": [
      "Free agents",
      "Learning resources",
      "Custom builds",
      "Talk to Kate"
    ]
  },
  "smart_suggestions": [
    "Want to see the most popular agents this week?",
    "Curious how CS teams are using agents for QBR prep?",
    "Need help building a renewal playbook with agents?"
  ]
}